{
	"prod": {
		"driver": "pg",
		"host": {
			"ENV": "POSTGRES_HOST"
		},
		"database": {
			"ENV": "POSTGRES_DB"
		},
		"user": {
			"ENV": "POSTGRES_USER"
		},
		"password": {
			"ENV": "POSTGRES_PASSWORD"
		},
		"port": {
			"ENV": "POSTGRES_PORT"
		}
	},
	"dev": {
		"driver": "pg",
		"host": {
			"ENV": "POSTGRES_HOST"
		},
		"database": {
			"ENV": "POSTGRES_DB_DEV"
		},
		"user": {
			"ENV": "POSTGRES_USER"
		},
		"password": {
			"ENV": "POSTGRES_PASSWORD"
		},
		"port": {
			"ENV": "POSTGRES_PORT"
		}
	},
	"test": {
		"driver": "pg",
		"host": {
			"ENV": "POSTGRES_HOST_TEST"
		},
		"database": {
			"ENV": "POSTGRES_DB_TEST"
		},
		"user": {
			"ENV": "POSTGRES_USER_TEST"
		},
		"password": {
			"ENV": "POSTGRES_PASSWORD_TEST"
		},
		"port": {
			"ENV": "POSTGRES_PORT_TEST"
		}
	}
}